{"cameraMode":{"drawMode":0,"name":"Shaded","section":"Shading Mode"},"sceneLighting":true,"audioPlay":false,"sceneViewState":{"m_AlwaysRefresh":false,"showFog":true,"showSkybox":true,"showFlares":true,"showImageEffects":true,"showParticleSystems":true,"showVisualEffectGraphs":true,"m_FxEnabled":true},"in2DMode":false,"pivot":{"x":4.5251874923706059,"y":0.3034466803073883,"z":11.844718933105469},"rotation":{"x":0.06619971245527268,"y":0.21267341077327729,"z":-0.014439566060900689,"w":0.9747671484947205},"size":6.456109046936035,"orthographic":false}